{
  "version": 1,
  "author": "Nguyễn Duy Trung",
  "editor": "wokwi",
  "parts": [
    { "type": "wokwi-esp32-devkit-v1", "id": "esp", "top": -24.49, "left": -60.22, "attrs": {} },
    { "type": "board-ssd1306", "id": "oled1", "top": 18.54, "left": 127.73, "attrs": {} }
  ],
  "connections": [
    [ "esp:TX0", "$serialMonitor:RX", "", [] ],
    [ "esp:RX0", "$serialMonitor:TX", "", [] ],
    [ "esp:GND.1", "oled1:GND", "black", [ "h51.78", "v-120.99", "h69.79" ] ],
    [ "esp:3V3", "oled1:VCC", "red", [ "v-1.22", "h60.73", "v-137.27", "h63.5" ] ],
    [ "oled1:SCL", "esp:D22", "blue", [ "v-43.44", "h-117.51", "v29.17" ] ],
    [ "esp:D21", "oled1:SDA", "yellow", [ "h36.06", "v-46.64", "h116.33" ] ]
  ]
}